first_name,last_name,email,scope_id
Alain,Dieckhoff,16,alain.dieckhoff@entreprisea.fr
Alexandre,Desrumaux,16,alexandre.desrumaux@entreprisea.fr
Alice,Antheaume,16,alice.antheaume@entreprisea.fr
Alice,Judell,16,alice.judell@entreprisea.fr
Alifaycal,Zerouati,16,alifaycal.zerouati@entreprisea.fr
Allison,Rovny,16,allison.rovny@entreprisea.fr
Ambroisine,Bourbon,16,ambroisine.bourbon@entreprisea.fr
Andreas,Roessner,16,andreas.roessner@entreprisea.fr
Angelique,Pawlowski,16,angelique.pawlowski@entreprisea.fr
Anita,Beldimanmoore,16,anita.beldimanmoore@entreprisea.fr
Annabelle,Mondon,16,annabelle.mondon@entreprisea.fr
Anne,Cornilleau,16,anne.cornilleau@entreprisea.fr
Anne,Lepage,16,anne.lepage@entreprisea.fr
Anne,Lesegretain,16,anne.lesegretain@entreprisea.fr
Annelaure,Faure,16,annelaure.faure@entreprisea.fr
